x1,x2,x3,x4,x5,x6,x7,x8,x9,x10,x11,x12,x13,x14,x15,x16,x17,x18,x19,x20,x21,x22,x23,x24,x25,x26,x27,x28,x29,x30,x31,x32,x33,x34,x35,x36,x37,x38,x39,x40,x41,x42,x43,x44,x45,x46,x47,x48,x49,x50
9.234838525813745e-104,2.604731289684246e-104,1.8178020576533065e-104,1.508306778075931e-104,1.2622834954855414e-46,2.6344022486048207e-104,9.951563983216563e-105,1.6334598125802206e-104,7.143612543882654e-104,2.6817784323284063e-105,5.358904713815626e-105,3.1827590672095744e-104,9.155800261318598e-104,3.343159376417403e-104,5.1801660070676995e-104,1.4340045132856752e-103,4.687791313410289e-104,1.2974952260124898e-103,5.572736773355126e-104,1.3816941951959847e-104,6.636496733660248e-104,2.5253853901359626e-104,6.842913914461962e-104,3.344977409783719e-105,1.3516833612727355e-105,1.2280527843012063e-103,5.289261157198115e-104,2.8049290630644917e-104,7.961274354621722e-104,3.999992160107939e-104,3.35596364152138e-104,1.6676643722111556e-103,5.3626010588796107e-104,9.536661638142041e-105,9.943609696938119e-104,2.1341393754143362e-104,5.971984533316576e-104,3.7526689795261086e-104,1.5128505052242333e-103,1.257162085201786e-73,4.3263781451820153e-104,4.9557391855659074e-104,3.0695060154110244e-104,1.60786862543586e-103,2.101654915009596e-104,1.4547224302147166e-103,1.202315743011158e-103,6.696217496385503e-104,1.1923370055340949e-103,1.73590180821822e-104
1.07517853935451e-104,3.647695662881397e-104,1.631465070902096e-104,2.047926283346959e-104,7.692337868656678e-104,1.5532777450709527e-104,6.106201932625356e-104,3.7706198691947305e-104,2.3418068053511082e-104,2.053474518184473e-104,1.2138409853467523e-103,2.982275837227644e-104,5.218873825873221e-104,3.507574800372489e-104,6.060452305950102e-104,8.206207415259896e-104,6.406879098801936e-104,8.203412602392534e-104,3.3346889613139574e-104,9.634094184807888e-104,5.662576369660647e-104,9.157714910812862e-104,1.3662070701231066e-103,8.927581994749331e-104,3.0590272243947466e-104,1.8851413707814866e-104,7.910623294093843e-104,6.180843513437163e-104,1.2356327919093178e-103,3.9185009601103605e-35,5.3179503829757106e-104,7.927351963057236e-104,1.168080530189466e-103,1.5672725207002642e-103,6.222512136322994e-104,1.1063561930128863e-103,7.116211568578045e-104,1.756531176119051e-104,7.3013767770336e-105,7.615634674123882e-104,1.2708213838297375e-104,1.3662401602221746e-104,1.1822968819736719e-104,3.5532647279874756e-104,5.326027493321336e-104,1.2888786706510324e-103,1.6075823385610564e-104,1.0481832121968193e-103,6.081230220278897e-104,2.2710556294845905e-104
4.3541924478512824e-104,1.279369190282415e-103,9.267743749875043e-104,4.1162537954684777e-104,7.986982388763186e-104,1.8400581403533924e-104,5.2033875729669536e-104,7.59489936443442e-104,5.686529926042613e-104,1.0325133783124855e-103,2.818196844425234e-104,7.948949703589019e-104,5.8479958241797136e-67,7.846285615342406e-105,8.349133536034994e-104,2.977821538229653e-104,4.902266055984527e-104,3.3124130976996065e-105,2.033113481025201e-104,2.1852654206538288e-104,7.72192502346406e-105,4.4507941765161157e-104,1.2283979710181786e-103,2.7176151252585423e-104,6.2376101067595946e-105,1.3468558948903757e-103,2.7001629057271564e-104,2.0385418913768665e-104,8.307849415839026e-104,1.4472523728780044e-103,3.907195325305646e-104,1.6648165042120663e-104,4.328707485939714e-104,7.301550805857773e-104,5.856089719016052e-106,7.235730003681769e-104,1.3711126480022538e-104,3.713320806158075e-104,7.330527671985811e-104,1.2692332057068125e-103,2.1113259831834442e-104,2.2852643153040156e-103,5.249926081321496e-104,4.6049585293994935e-104,5.836874550929226e-104,3.3323536701747744e-104,5.884913269998332e-104,2.871800822902494e-104,1.3902334024557513e-104,8.29708288033957e-104
1.2295866982120267e-104,8.176427282624233e-104,3.559564885365545e-104,2.7219681120372314e-104,8.606370084873373e-104,6.229404191349185e-104,1.4824547414049176e-104,7.095664750136712e-104,6.616888619927289e-104,2.5832577666161313e-104,5.332468156636008e-104,2.1664700167438826e-104,3.249306193752125e-104,4.7451097276573286e-104,9.343522029258933e-105,8.494771509990691e-104,4.847289872574785e-104,2.6421578477405237e-104,2.6609505448681904e-104,3.2076054916618164e-104,2.5754078810005137e-104,9.488127510125448e-70,3.824009526302806e-104,1.8558295379347602e-104,7.641916119216736e-104,4.965655314529977e-104,2.9725582361166806e-104,1.5341482305854617e-103,5.7693558161094745e-108,7.996654026660662e-104,1.3791882603588147e-104,1.2575678874502921e-104,9.604398360159037e-104,1.0957098595712113e-104,4.791692655584059e-104,9.092379819114734e-104,1.3236353040144016e-103,2.4321046878558576e-104,4.761055138580306e-104,1.1219904016559356e-103,6.880281454791285e-104,7.185768399524776e-104,1.6433458007069805e-104,2.7136223966175567e-104,4.066113015531126e-104,1.9715731983324116e-104,1.1600145849879884e-104,7.604636194935651e-104,1.3273240158199744e-103,6.848461488561256e-104
7.403884501677853e-104,9.505966897463428e-104,1.585744211065359e-104,4.656336751998755e-104,1.9196536310685195e-104,3.4359745945784044e-104,5.3838097173499575e-104,2.1867599245066336e-105,7.905952733775602e-104,2.291962640583229e-104,4.073316948199495e-104,1.1373054468714154e-104,1.748962642743568e-105,7.699299301972998e-104,5.24887245367935e-104,2.9086431026169514e-104,3.461281755173388e-104,7.621949992306804e-104,4.1399509717715e-104,3.087344697427335e-104,9.19239846703862e-104,4.913721226632353e-104,1.6850699089863882e-104,8.647988326908685e-106,3.9750154396289654e-104,1.210575464141103e-103,6.91748749527427e-104,1.1149995093186587e-103,9.409684493538085e-104,5.103132589031501e-104,1.831068963745586e-104,2.4111473149662605e-104,7.338340471978836e-104,6.862522975545319e-104,6.704149158202181e-104,4.607460799416625e-104,5.216538264833023e-105,5.7951988062936996e-105,3.5577605660759e-105,2.287518466497665e-104,6.264444324999428e-104,4.714766689284729e-104,1.4594071551762478e-103,8.972854550491124e-104,4.814375380404749e-104,3.3588540113417694e-104,8.430721545486263e-104,1.2663247107214184e-103,9.918865368228109e-104,1.4979406938742372e-103
4.374381862937596e-105,9.762870499934043e-104,5.112822569988642e-104,2.1038824230852172e-104,5.453459484855226e-104,8.592728249915665e-104,2.0480982566023917e-104,5.872570445034903e-104,2.813623240134826e-104,4.6535809075430916e-104,1.6117209580737455e-104,4.258521962183373e-104,1.227555973263767e-103,9.358667054161613e-104,2.842059685675098e-104,1.4118581524502473e-104,3.052426259502722e-104,5.583255547409635e-104,4.325492421649422e-104,4.5847664632056094e-104,9.909083108796925e-104,5.395377837529013e-104,5.868161408814621e-104,7.02815464469488e-105,4.388754672260684e-104,4.969020861188662e-104,1.2403596947602895e-103,8.199156767089392e-104,6.597950674776709e-104,1.8344744246222033e-103,6.431213591459015e-104,1.2979952367836903e-103,3.364675044134088e-104,6.344397768698738e-104,2.704375285272244e-104,5.299841027732456e-104,6.778956655669759e-104,1.3538540886579898e-104,8.704270525011419e-104,4.007904891687075e-104,3.2860132112198104e-104,1.9398804155780124e-104,5.833867090393491e-104,5.64734266576093e-104,6.187294595349317e-104,4.6684239461422317e-104,6.317190505856607e-105,1.6933368188026114e-104,6.121456797074135e-104,1.194295937098387e-104
8.602834658800172e-105,5.5118497293666704e-104,1.0170071048825066e-103,5.051195465377849e-105,3.2963250276733026e-104,1.0217062520427347e-103,1.9529693232820815e-104,8.46030184551017e-104,3.6359736399813234e-104,9.766668001404782e-104,7.751173894870505e-104,8.72521948332031e-104,2.0581964563320794e-104,1.4949664042439237e-105,2.1207274466530174e-104,5.18236239627433e-104,7.122478083850779e-104,1.0697984022380897e-103,3.457989857863563e-104,2.726915041508836e-104,3.2789638698172467e-104,6.918986884614611e-104,3.0771251686798507e-104,9.137076474404198e-15,1.5308107171257555e-103,9.094712372235097e-104,0.915,1.3631264857187954e-103,7.409304663127727e-104,1.0382392356221938e-103,3.043865862530776e-104,7.696349601665271e-104,1.5878102620995744e-103,3.5858943528261535e-104,3.828649920652995e-104,6.486666395972571e-104,3.353529947321402e-104,6.070493658494821e-104,4.345798718060741e-104,5.5131190658910676e-104,7.578380902965127e-104,3.7278419787297945e-105,8.741025010142072e-104,1.3972684886467337e-104,2.155616134923506e-104,6.424774971636564e-104,2.657778698283611e-103,9.22033043728736e-104,5.459773961871023e-104,8.569365758428884e-104
1.0287600165206183e-104,7.616199008114306e-104,2.778949256971313e-104,3.511139667362501e-104,1.5028861371391866e-104,3.280103478571315e-104,5.749831523013746e-104,1.1791216005282308e-30,7.064611934369078e-105,4.534213522574965e-104,8.017813959770451e-104,1.216553772136264e-103,5.869588972728813e-104,3.949902101336464e-104,1.9572151376667254e-104,5.453423476527151e-104,3.207975673623785e-104,5.605838693584349e-104,5.54989742007137e-104,3.4988476683040126e-104,9.227183416239766e-104,1.4858026187189835e-103,6.18503204052334e-104,3.271794724361799e-18,7.575294257717412e-104,2.323964481778043e-104,2.5330582049285786e-104,1.049174654091044e-103,4.280306534136151e-104,8.467083652833842e-104,6.953675838396612e-104,4.4154023746776344e-104,1.01,4.344366564489092e-104,4.6339813688327407e-104,6.480567972286793e-104,1.4268411059333288e-104,5.670291934437772e-104,3.1360611231275475e-104,4.260297851258513e-104,8.859299320724448e-104,4.17306390097366e-104,1.0018003238254782e-103,4.8551876228262384e-104,2.8492964750533784e-104,1.8819235517954136e-103,1.0329588571460906e-104,1.092964106786179e-104,1.533517651581596e-103,2.752022390206685e-103
8.827264851560717e-104,2.8669394786627694e-104,5.710154599308311e-104,7.842767770597617e-104,5.037559276143472e-104,4.0693310564368226e-104,1.1307531975976082e-103,2.619252289857604e-104,1.136759052834299e-103,3.566003760052383e-104,4.3528925352761376e-104,3.187541203019913e-104,1.105,7.626685093855538e-104,8.103752321942056e-104,1.256636125930335e-103,5.2428148562112813e-104,6.157078401012106e-104,1.722839647223629e-104,1.0592098871671897e-103,3.102604533015018e-104,1.4086935186164973e-103,8.763142230511236e-104,5.143736608419811e-104,6.892561574584669e-104,9.189279972611772e-104,2.0502405821840195e-104,3.3785197723028005e-104,8.476749241522138e-104,1.105,1.9493279635174583e-104,4.7549689661882503e-104,2.3428826179741997e-104,6.277281619684243e-104,1.5594737144628005e-103,4.6151613819188975e-104,8.015327495724851e-104,2.0204147145528022e-104,6.360420987749835e-104,3.293390105977525e-104,1.0385986743792218e-103,7.857380339898682e-104,7.625568727320157e-104,1.105,2.5171617378874886e-104,2.505222924230374e-103,2.4504064221220295e-103,2.1013074525595847e-103,6.256199841177683e-104,6.317873694549051e-104
1.2697447548565821e-104,2.0523980005426075e-104,1.3414590973108445e-103,9.54740295577025e-105,3.999235636029302e-104,3.3066664068156e-104,7.076768511673712e-24,8.290840923539934e-104,5.2007025479259147e-104,1.3108062683127996e-103,2.7582479752260963e-104,6.727728535498372e-104,2.4963582081983786e-104,1.4310778928887208e-103,1.993655529749515e-104,4.06124518165937e-104,5.05593480421084e-104,1.2812620057921221e-103,4.15260329065679e-104,9.076327315884619e-105,3.801654683715082e-104,3.024117722409341e-104,1.851574285593787e-104,5.335439303213334e-104,1.9793590948723697e-104,7.927851974628148e-104,7.003995026203151e-104,1.9780062465753777e-104,2.91621914855174e-104,8.268886675439446e-104,4.085985825205114e-104,1.6167738231717935e-104,1.3582208053519802e-103,1.959796336195614e-104,2.3776942507161764e-103,1.6679647873167212e-103,6.966154222782295e-104,5.3621374773618745e-105,6.428192917183674e-104,8.78696581614384e-105,2.3472110849348218e-105,6.698917428524711e-104,4.9336686212413906e-104,3.899213489813114e-104,8.067190441402087e-104,8.749428042292417e-104,1.3835401118343439e-104,6.469604578403779e-104,1.5872990367653195e-104,1.9932182337520156e-104
4.2875634481777746e-104,1.2360839369060977e-104,2.2670494441413328e-104,1.6334179895190405e-104,1.934101589838717e-104,4.473806749080692e-104,1.1479880081755062e-103,8.034176424078115e-104,7.998822027206661e-104,3.742216950165826e-104,5.255568693974903e-104,2.4974495339370666e-104,9.333531645695298e-104,1.6121793884076725e-104,1.3561401795372179e-104,3.6612963926279114e-104,1.9281821316429358e-104,1.3141928999397345e-103,2.3203878624687822e-104,3.07259127533505e-104,3.304761104163228e-104,2.4822527466404776e-104,1.2709971166646268e-104,4.901756646237058e-104,8.322425972009908e-104,4.398484380350691e-104,4.436078673912332e-104,1.4935583967354342e-104,5.064738918735571e-104,6.094861802281653e-104,1.7897347199932924e-103,1.0455737300416611e-104,1.3943345509355876e-104,1.3244039172587344e-103,2.539450977726398e-103,9.450486023648794e-104,1.1025263955253106e-104,4.523686062253561e-104,4.690631568164706e-104,9.452125427030836e-105,6.33001113133819e-104,2.9723268795507995e-103,6.387637018122261e-104,3.0788916047172666e-104,6.752245346315215e-105,2.271330800804877e-103,1.1138508591362887e-105,1.1944444650894201e-103,1.8818295810659985e-104,1.5669665975704083e-104
2.0198939269062572e-104,5.1582170148379263e-104,8.516945817694558e-104,1.0763244182824501e-103,2.0739999190644364e-104,3.309020940683165e-103,9.180092922391695e-104,4.170572440310297e-104,2.728653702406029e-104,2.819623380217585e-104,2.2858686363554265e-104,5.15110844571078e-104,6.142036725569242e-104,3.6473645875363137e-104,6.727247233439186e-104,1.1132767232540597e-103,5.2385181498421434e-104,8.088798271163484e-105,1.2102089318901015e-104,2.7492322080324352e-104,4.305106692004454e-104,1.0777717993069849e-103,3.229616098259375e-104,4.0574074969730583e-104,3.0336316501326994e-104,3.538884484481622e-104,5.422374061713611e-104,8.146824731461255e-104,6.032237715926077e-104,9.151830071963399e-104,1.817527295079158e-103,1.5127655058049215e-103,1.0092635161947988e-104,7.297712813189954e-104,4.10869256955575e-104,8.270007283812158e-104,1.4029876690600243e-103,5.600618344307119e-104,6.453876738246517e-104,6.723365527895578e-104,1.2807194395643658e-103,1.7294464734111708e-103,9.216393036076772e-104,2.467509352634267e-103,1.9570885113026775e-103,8.215163689442606e-104,1.34646074228268e-103,5.980841250208554e-104,5.6210075223076e-104,3.9291826620935145e-104
6.001101662274558e-104,2.766192738088051e-104,1.804638671239707e-104,8.524996273682748e-104,2.309331374403949e-104,6.868446428057199e-104,1.1875130794485657e-103,9.806666223305572e-104,6.848139920334907e-104,2.1532271839639893e-104,1.6533905690415848e-104,2.3217528189683557e-104,3.235857968343778e-104,8.529863399739344e-104,1.7469454926092042e-104,3.467479987144836e-104,3.9119612873299616e-104,6.482811803775554e-104,7.019827519431386e-104,1.5588587188137528e-103,1.1559418842929403e-103,1.2036905924687768e-103,6.172753453794948e-104,1.2631676644732296e-103,7.769831314557458e-104,4.7517078690923456e-104,3.8145999563443476e-104,1.3057220795617503e-103,1.4799624925032336e-103,7.050507419873583e-104,2.332725582161281e-103,1.0374637673776366e-103,6.660161837322463e-104,1.9993873813883465e-103,1.5114974835288864e-103,9.925105159605427e-104,1.2290163562430383e-103,4.653846205255173e-104,1.3638820698171254e-103,1.6930142826370454e-103,6.602624157490533e-104,1.6047519651657979e-103,4.9202437679465125e-104,1.3192019107030554e-103,4.7792513979339707e-104,1.1341762824704988e-103,1.8136928785123015e-104,6.590288121652063e-104,5.847357620049104e-104,4.869149816343119e-104
8.409679955908401e-104,9.7495312857861e-104,6.695861318802076e-104,1.1662259321400425e-104,3.016279326588506e-104,4.7778240969083044e-104,3.952208929754704e-104,4.383529591996692e-104,7.359892596623322e-104,4.475413727308883e-105,6.003695040427033e-104,1.442994508401493e-104,1.3153637708195089e-103,1.818085803330738e-103,2.8100951787130777e-104,7.157620485588686e-104,1.7293231556880987e-104,1.2611276212144378e-103,5.172170448638364e-104,7.547546001846499e-105,2.2401031774702983e-104,1.1304214462630213e-103,3.191844176931358e-104,3.583690041238933e-104,2.260351288539542e-103,3.898555635372834e-104,1.4702343066625182e-103,8.265699660794904e-104,3.814426757651124e-104,3.4312970742830726e-104,7.367753938912056e-104,3.187379999750197e-104,2.049862258684352e-103,2.009374498250717e-103,1.5368189578694862e-103,1.0313387329390533e-103,7.857148988706601e-104,1.2985963101433113e-103,7.823807066521756e-104,2.6450599061715263e-104,1.5041600065381528e-104,1.6661926792507893e-103,1.840532820254544e-103,4.843208392408582e-104,2.4849258466953985e-103,4.976231595421943e-104,2.379244895508192e-105,1.3469930037450626e-103,7.697667325053066e-104,4.89692469320496e-104
8.160845000031088e-104,6.12193034025548e-104,4.1589153204198415e-105,7.71103144275793e-105,1.675,4.9880835556169964e-104,1.675,1.0040624987455313e-103,4.0020075370520377e-104,1.7942443649235346e-104,1.1803918907992226e-103,1.406497464382701e-103,4.5775322244035565e-104,3.956454237955783e-104,5.80596346418823e-104,2.051155465871018e-104,2.806528654883675e-103,1.4864217995831734e-104,5.984892664284461e-104,1.9039561439705467e-104,2.1335104550268818e-104,7.574292255781869e-104,1.6447046791161128e-104,2.2626687354061834e-104,1.420684917035165e-103,8.592092809326274e-104,1.3625514790336057e-103,5.033891084888965e-104,2.501197249732174e-104,1.6716095615506095e-103,4.706944133982679e-104,4.0855276430431555e-104,8.975338751022641e-104,4.7003495607434676e-104,9.323473837297799e-104,2.1223122839807153e-103,3.611873007763329e-104,5.034458594868212e-106,9.48577038411884e-104,8.577844254320437e-104,3.4312494550192124e-104,3.367177839012047e-104,4.192996137189332e-104,4.207010945095239e-104,5.641112321392131e-104,3.8989174723251815e-104,3.980008148854701e-104,7.252718929528281e-104,7.206767203416024e-105,4.5148480159209274e-104
5.06079573348541e-104,3.8395765406740086e-104,6.092321943125954e-104,1.7834077299206943e-104,1.3683763467174545e-103,1.77,1.77,2.8992235262321403e-104,9.178826126623614e-104,2.1710526601784425e-104,3.0183222747356636e-104,6.268504974929257e-104,1.3775724251284015e-103,1.015011099015704e-103,9.177413793264123e-104,3.873816230610757e-104,1.9282654911216205e-103,5.390641053578712e-104,1.8021429138741192e-104,7.090981583454907e-104,1.0546993970960581e-104,4.165638023731665e-104,1.9600087939054893e-104,1.4005203919036146e-103,3.302131922871546e-104,2.4252162738873638e-104,1.5160045218061737e-103,2.5702976614865353e-104,8.352128805452044e-104,7.09654996168775e-104,1.0933017606395146e-103,3.429972786466788e-104,9.26742301890355e-104,1.4079937845956277e-103,6.60035417402855e-104,3.166812079800845e-104,3.443253403245678e-104,1.4491629438063257e-103,1.9243821513143447e-104,7.935985945837093e-104,1.5919550754657868e-104,5.056698032965786e-104,1.019388445664525e-103,3.154789974956326e-104,1.7742819127553779e-103,1.6209859197296943e-104,2.860872932835483e-104,3.4124802372778527e-104,3.3916843346184436e-104,7.129859337206712e-104
1.0124693409292938e-104,7.755990610779353e-105,2.664234937333354e-104,4.182252138176067e-104,4.322082169279044e-104,1.865,3.455712955980053e-104,3.953608649339162e-104,2.1102861529186946e-104,1.6949925539636555e-104,3.023076342610642e-104,1.4062387820304477e-104,3.692281228118894e-104,2.429270814769234e-104,2.7293466327424784e-104,2.77419449127015e-104,2.6245408769382747e-104,1.1785277246812257e-103,2.539040575473722e-104,4.990794938054664e-104,9.789258663347243e-105,7.276927615043035e-104,8.379174710438635e-104,8.035228607749436e-104,1.3471313562529852e-103,1.0226834363025533e-103,1.7871277091831938e-104,3.3161049644038423e-103,1.0034920329568932e-103,1.5364031942441275e-104,3.03486968045974e-104,1.6082397897926176e-104,2.4175123198739458e-105,3.0554428774986e-104,1.049892187131415e-103,2.7901800101322725e-103,1.0823328518840558e-104,6.061817657622625e-104,1.865,1.917048198031247e-104,1.0186283033446018e-103,1.3276227957327785e-104,3.984252080859198e-104,9.606792863943183e-104,1.5257825225533878e-103,6.882646701492551e-104,5.952861699215487e-104,4.2618831105729287e-106,9.17016182472419e-105,9.152938219651182e-104
1.96,8.105785196761454e-104,2.009943520645766e-104,4.283398509405502e-104,1.1813787869880542e-103,1.96,1.0430660809356898e-103,7.328720156672823e-104,8.724594231118726e-104,3.002476875081626e-104,1.96,6.452901976498308e-104,2.4842414336959105e-104,7.872257123210462e-104,1.580371850780544e-104,7.646384586185822e-104,3.2553759322275316e-104,1.6644696839505366e-103,1.6721530377518157e-104,2.401471988838467e-104,1.2991281181495202e-104,9.277543288198546e-104,1.3174469970518953e-103,2.5502516264166436e-104,1.1619888796942386e-103,7.007386594528247e-104,1.1530441041955688e-103,2.661742788345554e-103,1.5790544656403625e-103,1.238244255100151e-103,8.693135309085389e-104,5.875587580531362e-105,1.6968374730913285e-18,3.114923602933749e-104,5.792163784447876e-104,4.653837730526895e-104,1.5433888409486e-104,9.014607679977786e-104,2.2697190751129964e-103,4.680649071305727e-104,1.2972166967726602e-104,6.457384638392112e-104,4.81841022881582e-104,3.015817411619031e-104,8.109532624010899e-104,4.558962517342421e-104,4.527379915418151e-104,5.2129958097694756e-104,1.369780963670154e-103,1.395789995450135e-103
9.504600443536659e-104,1.8555543305336676e-104,2.8157403271256474e-104,6.201198638465777e-104,4.4558395397968706e-104,4.047377790329008e-104,2.814327720955398e-104,5.392980480886447e-104,1.3258753002365936e-104,5.610540501383101e-104,2.0549999999999997,1.3545657068301198e-104,2.7768175757511946e-104,2.2589525556128087e-103,4.5926504999624666e-104,8.11501044046383e-104,4.871096352249445e-104,4.096364855812235e-104,5.803284281066222e-104,9.024800579985513e-104,1.4249249615906075e-103,1.1708946020210515e-103,2.01219235599287e-103,6.399163073617439e-104,4.5627752929122716e-104,8.128950441633058e-104,8.068276112927681e-104,1.0928620786717362e-103,4.691516162655229e-104,2.508611748639714e-104,1.441790468838824e-105,1.0043797279392793e-104,4.00199824982195e-104,7.66903234888195e-104,3.148772447785589e-104,3.806276402851947e-104,1.2422684418018614e-104,3.6440184256789325e-105,8.651711321028332e-104,1.071704814203241e-104,9.165362963159236e-104,1.2627981696660707e-103,4.0270196709879244e-104,6.198230439530383e-104,1.3243767787542207e-103,1.1703614997393798e-103,7.799879805890303e-104,1.7697003029757944e-103,1.4921593034568854e-103,4.274824241554247e-105
2.3719899203673807e-103,8.001446834874809e-104,6.647629620467262e-104,3.0398478642542946e-104,1.2229608780142497e-103,8.843949893900315e-104,2.865668126788917e-104,1.1304996901431288e-103,4.284081490997921e-104,2.0067977631319815e-105,5.790654963915343e-104,8.53443199259064e-104,7.476975908256718e-104,4.0895414814536066e-104,1.2182615659739714e-103,2.7855243378776376e-104,8.363635344769145e-104,2.4692859331634666e-104,6.55959308119091e-104,3.02622923635776e-103,1.1476618213919224e-104,7.762837426020396e-104,1.3134942340581621e-103,6.65468653659437e-104,6.184429692753088e-104,5.974101247039706e-104,9.011983531268417e-104,2.1035582562347295e-103,6.728441566468636e-104,5.4452525113465206e-104,1.0921192482777534e-103,9.176054474724619e-104,4.7280096759479495e-104,2.465258880508804e-104,3.0923303259983996e-104,9.239664620449671e-104,1.67372936698273e-103,2.2852307485223877e-104,3.3418187689952906e-104,3.0228980437030828e-105,3.795986423611906e-104,5.431431711977399e-105,4.428742958648714e-104,3.6739604875032744e-104,4.3711924236843103e-104,1.6366657354788471e-103,1.5026123355980138e-105,1.6278563708289585e-103,7.646419688768651e-104,5.859638745221567e-104
4.911448026689241e-106,4.8068290244108246e-104,4.333830471338288e-105,3.3002808498321625e-104,7.060818322105139e-104,2.245,4.080595087853698e-104,1.7236674513279053e-104,7.084789717055578e-104,7.138828055444356e-104,1.2243847686281112e-104,4.780050920998917e-104,2.0552470639360986e-103,1.7175858924671174e-105,3.6955052600475227e-104,8.731586892965365e-104,1.2801248452049367e-104,9.718442985857074e-105,3.162726985651911e-103,2.8244384815290186e-104,1.0077347529164404e-104,3.23034317894485e-105,1.5698391266949697e-103,5.616656627021268e-104,5.166533189033274e-104,1.31983248976143e-103,1.4544152338270568e-103,2.245,1.5782084857131418e-103,1.5020751873063053e-103,5.233614543205313e-104,2.219781490604578e-103,5.017807012016662e-104,4.709348115369239e-104,7.227672675974368e-104,3.7201998299776823e-22,2.125854441384204e-104,2.2274631213081577e-104,2.8900292014366896e-104,8.594483227396387e-104,1.6812936139821297e-103,8.63624708380562e-104,3.8683406398031284e-104,5.89170810778625e-104,1.1226367520640138e-103,7.812778766576656e-104,9.28336091420779e-104,6.086971476054344e-104,1.5025585042459797e-104,2.245
3.9614828847673566e-104,4.6233757329828556e-104,6.544208820420368e-104,1.155900913466362e-103,1.3227049317019527e-105,4.5056383603907726e-104,7.51236984493826e-104,1.6165061422555444e-104,4.2392921245876005e-104,9.635695978150074e-104,1.256113022160459e-103,4.3458560023472737e-17,1.9258631944906543e-103,2.34,4.334597616790357e-105,8.826665354411306e-104,6.769256444912854e-104,2.2077149035465418e-103,1.6288025088819873e-103,1.488390241896758e-103,9.949162085830455e-104,2.1593731091427863e-104,1.3344867465949604e-103,3.7318488473825e-104,1.398832882469039e-104,2.750998557935575e-105,1.4520434105304353e-103,8.163399156871646e-104,7.812930986274695e-104,1.9028709646586845e-103,5.795721626131512e-104,3.2428923357443584e-103,9.579317293192845e-104,4.8197724801455523e-104,9.491172315708393e-105,5.215619158107735e-104,1.1262164349598308e-103,1.0971575895933736e-103,1.4886587276961368e-104,1.7441354850045106e-104,4.6215190279658604e-104,1.452427085412473e-103,6.215307645615851e-104,4.9621586665950866e-104,2.34,1.1292093200639217e-103,7.648542577757343e-104,1.884549713641895e-103,3.8663778314257053e-104,3.127877372624281e-104
1.524553166093159e-103,9.551165306050581e-105,5.83211646204343e-104,4.2713217934029995e-104,1.6521394325386837e-104,6.44112238409194e-104,2.435,1.4607065029776026e-104,9.469396852600617e-104,1.4852345073343627e-103,4.542905569778777e-104,2.435,1.0541506522824054e-103,5.903304549297312e-104,1.1589403507163032e-103,2.435,2.435,2.871109457017964e-104,2.435,1.498761011770044e-103,1.4311028219209336e-104,1.590709556600671e-103,3.486244197454078e-104,1.3883513377067455e-105,1.7634892932387531e-103,1.9073832008383085e-103,1.9760471137176163e-104,1.4179558313360942e-103,1.4092098821117855e-103,6.615234365503205e-104,4.5357073146356604e-104,2.2075828092442854e-103,2.3028817930807475e-104,3.527157647030389e-104,4.9792086441069295e-104,8.810403898552247e-104,4.753416625095624e-104,7.592487293407624e-104,2.989632162077532e-104,1.3609039703623498e-103,1.0353865026383712e-103,5.122039772666202e-104,1.023894946855317e-105,2.632090978052342e-105,2.3312303861882148e-104,1.5200351240825005e-105,2.1573784243240125e-103,4.474776175341901e-104,4.264741045659888e-104,7.730776235339474e-104
1.829492721410854e-105,6.407750488342226e-104,7.613826993462772e-104,2.6752799096247713e-104,2.2709608420429046e-104,2.1403223999012937e-104,2.5300000000000002,1.092652545823618e-103,6.83463544429288e-104,2.5300000000000002,2.5300000000000002,2.5300000000000002,2.50071694378695e-104,2.5300000000000002,2.5300000000000002,2.5300000000000002,8.248272515785924e-104,2.5300000000000002,1.0300916897976445e-103,3.6710553127072825e-104,2.5300000000000002,2.755540069730766e-104,9.968464370769912e-104,1.1701674227001878e-103,9.375226712666604e-104,1.330496707689748e-103,5.3177337171878354e-104,7.20977374185075e-104,1.091744653061504e-103,1.9194580924982543e-104,4.666987202307228e-104,2.5300000000000002,3.0247462845196283e-104,1.177937007651911e-103,1.3118217730051378e-103,6.459811682186485e-104,6.818171713446684e-104,7.569086719876532e-104,1.21118042225492e-104,1.1751238472479828e-103,2.5300000000000002,8.47561725756628e-105,6.114229498242798e-104,1.4537180703230426e-103,1.4435450368329028e-103,5.085558244969609e-104,1.0141667520046919e-103,1.1733591517655352e-103,1.2693312854611412e-103,5.605856189859427e-104
7.150867360080317e-104,1.5908185318474993e-104,4.093510442176832e-104,3.619445618674894e-105,3.935340207376479e-104,5.881678112578395e-104,2.625,2.625,5.583463938616656e-104,2.625,2.625,5.234853818150034e-104,2.625,2.625,2.625,2.625,2.625,2.625,2.625,2.625,6.846143359794414e-104,2.8478717869088006e-104,1.586222941200262e-103,2.639176763886065e-103,1.4045340481337581e-103,2.395220314703237e-103,9.64731178984114e-104,3.319185131232419e-104,5.369697145085352e-104,6.616156659646873e-104,9.967038864701628e-104,9.363833923653655e-104,2.625,1.1544084412498723e-104,6.139296955383464e-104,5.3309714493756524e-104,3.9583524761274795e-104,2.361172713874276e-103,9.265765644036563e-104,3.2316378433278847e-104,1.661996611171043e-103,5.599558311374865e-104,2.53605920084196e-104,4.817512730067976e-106,3.872780155517032e-104,8.615559182174873e-104,1.7263362234499694e-104,6.907103470268118e-104,4.5348559599238774e-104,1.3145193328552295e-103
1.5290091172220026e-105,2.362456045077576e-104,5.129506167178351e-104,3.00633152075345e-104,1.0859986466964289e-103,1.2579617658711894e-103,2.72,2.72,2.72,2.72,2.72,2.72,2.72,2.72,2.72,1.0067399241133805e-103,2.72,2.72,2.72,2.72,1.0572546740596442e-103,7.447373892839943e-104,1.258401296300313e-103,5.064305367805979e-104,5.669055920389665e-104,1.4017032727209701e-103,7.56104325386639e-104,6.827422868272879e-104,3.2338041264418025e-103,1.4362113058128174e-103,1.0081370266951387e-103,2.72,2.72,2.72,2.72,3.04378348192416e-103,2.72,1.2156590622469303e-103,5.415314466331875e-104,2.72,7.323461712640662e-104,1.215427450570646e-104,6.318942113297044e-104,4.240650415088348e-104,7.507065205674564e-104,1.1414177903825102e-104,5.2826511391982936e-104,1.0997330897410891e-103,4.74658820321981e-104,1.628591970009983e-103
2.815,8.731518801312648e-104,6.336018100937145e-104,1.6714263094834324e-104,5.1653413232934674e-104,2.815,4.980565648889306e-105,1.1273337293888604e-104,2.815,2.815,2.815,2.815,2.751419834017637e-104,2.815,1.0046740529742597e-103,2.815,2.815,5.707346205376438e-104,2.815,2.815,2.815,1.0577082354354521e-103,8.685202115692648e-104,8.563488303141768e-104,7.723469736181916e-104,5.837656061750145e-104,2.815,2.815,6.585457290557586e-104,1.760958078864077e-103,1.3884923004502634e-104,5.847725790262187e-104,2.815,2.815,1.6601547364722e-104,1.8416943090378325e-103,4.104552825202531e-104,4.8880028646461283e-104,1.5685885744029137e-104,2.90098487973777e-104,9.263812162062439e-104,2.5907943189961585e-103,3.7967585013926007e-104,7.320864361696331e-104,4.787572399811447e-104,2.815,6.77567270405485e-104,1.767517109114703e-103,1.078826907671603e-103,1.819436276826957e-104
2.91,3.343896458980281e-104,1.3856368505627882e-103,2.91,1.0949594480153144e-104,6.9417631898035e-104,2.91,2.2985614056166064e-104,5.1625344235723233e-104,1.1881073782493228e-104,3.1859715193687e-104,5.89390576801564e-103,2.91,2.91,1.486216769386523e-103,2.91,2.747829931847481e-21,2.91,2.91,2.91,2.91,1.258841691099912e-103,1.120343972022053e-103,1.130874525019756e-103,1.1695412222705972e-103,2.91,2.0795267054285746e-103,1.4343872496166735e-104,9.691661154718525e-104,4.003032801961724e-104,2.91,5.3391712238328846e-104,2.291231088213405e-107,1.29205254469558e-104,1.6186995726870312e-103,5.488454714732174e-104,4.256477193250703e-104,2.8791746458032455e-13,1.6281782128030433e-104,1.1592908788679992e-103,4.472780118157293e-104,2.0240854642605992e-104,5.79204221559881e-104,7.59230211899069e-105,9.596281867249726e-105,9.744466048986979e-104,2.0106515926523896e-103,2.719665690287005e-103,1.5323697858700404e-103,2.0579558419208186e-104
8.134688736141377e-104,3.669659552796513e-104,7.156595870118689e-104,1.2772084068066545e-103,5.790806570228282e-104,1.3570070368996088e-103,3.005,1.1575594963858206e-103,1.052917773610168e-103,3.005,3.005,1.1773297409581972e-103,3.005,3.005,3.005,1.8947325970239614e-104,3.005,3.005,3.005,3.005,4.2985208408946577e-104,7.15645761404241e-104,1.3056154265461053e-103,1.11876079740017e-103,9.648318939426839e-104,3.005,1.2509278222938699e-103,7.010723835557206e-104,3.005,1.190423603434352e-103,7.627066037340673e-104,8.488435594354443e-105,3.5376243806378957e-104,1.2458041864572953e-103,3.005,1.6722260392794432e-103,3.005,1.6356943968245496e-103,4.248028894261864e-104,3.8129051650995155e-105,8.194264860936938e-104,1.0475448309145398e-104,1.601444029254267e-106,4.2781908620997478e-106,4.480762061709298e-105,1.023322525135525e-103,1.652814861005784e-103,4.7504579961690436e-104,8.292582042985177e-104,8.663084835499708e-104
3.1,1.5504719661242055e-103,8.39102237678061e-104,4.417554541209566e-104,1.3268308926312245e-103,1.266090984551957e-103,1.4003571681407542e-103,3.2205576017179402e-103,3.1,3.1,3.1,3.1,3.1,3.1,3.1,3.1,3.1,3.1,3.1,3.1,1.8149765583280844e-103,3.938950222941955e-104,3.702026288959926e-104,6.341185136529202e-104,2.7685521152537836e-103,3.1,9.783945601789413e-104,1.5437527498423135e-103,5.788044319179944e-104,3.1,3.0406950385257735e-104,4.790471176597349e-104,6.452865687438858e-104,4.126734368565894e-105,8.055678899658114e-105,2.651190486948314e-104,5.958020332661082e-104,7.138499432715193e-104,2.2568837213765463e-104,8.408266513483317e-104,1.8763233811730553e-103,1.328751729714088e-103,1.4364520371899022e-103,4.227536063477015e-104,6.105511066934083e-104,1.4608992797341052e-103,1.9872246650590427e-103,3.1,6.231288281109628e-104,2.917530305787452e-104
3.305465728949542e-104,8.963661048894331e-104,1.753082265483103e-104,5.224264737948274e-104,3.195,3.195,3.195,3.195,3.195,3.195,3.195,3.195,1.113299710181229e-103,6.593254179580176e-104,3.195,1.2196327101109874e-103,1.2013634400418376e-103,3.195,3.195,3.195,4.1752278222279435e-104,3.91192378599183e-104,9.93372316658744e-104,1.475130050996732e-103,9.218867877731544e-104,7.605782895004148e-104,2.2167308478684488e-103,9.68463175918307e-104,2.3493371112596805e-104,4.4272081915316874e-45,1.2538809462486585e-22,2.810449221978839e-103,3.195,3.195,3.195,1.1180299643427064e-103,4.4608189814479305e-104,7.538118561062692e-105,7.105803540336666e-104,7.075867568585965e-104,8.443306827777092e-105,2.064938066201474e-103,1.3371102388555293e-103,1.204108820313321e-103,1.7982983418294618e-103,6.568591520498824e-104,1.1874802094460125e-104,3.8848070605683967e-104,8.450678851189178e-104,8.662935795726283e-104
9.290136715691574e-105,7.992624346275209e-104,4.334559743201391e-104,7.587749974885186e-105,3.29,3.29,1.3462773396871065e-103,5.050077848360591e-104,3.29,3.29,3.29,3.29,3.29,2.3374572099105594e-103,3.29,3.29,3.29,1.321558710100359e-105,3.29,3.29,1.4014247368023981e-103,1.3702310434636913e-103,6.529628248923841e-104,5.547493727300205e-104,2.5614347483666166e-104,3.29,2.3725937913392766e-104,9.936590742185865e-104,1.4992687447448058e-104,1.4455935911347476e-104,2.4034233381215896e-104,2.1248089109208867e-104,2.416416746113005e-105,1.0036656649245293e-103,5.593201010484696e-105,3.29,1.2651638606965772e-104,1.0460294241615449e-103,1.6085530333361133e-104,1.0253835545512443e-103,3.29,2.6272537611208337e-104,3.242666056800967e-104,5.731746256914417e-104,9.351155694693329e-104,1.920865655134477e-104,1.195246068533329e-103,2.8853575111746416e-103,1.4713735268734054e-103,5.372599109554396e-104
1.1731964544813699e-103,8.971711834447888e-104,1.3803082793439758e-103,3.3850000000000002,3.3850000000000002,9.30793606892344e-104,3.3850000000000002,3.3850000000000002,3.3850000000000002,1.017117517537616e-104,3.3850000000000002,2.5595932603708762e-104,1.9507498959801804e-103,3.3850000000000002,3.3850000000000002,1.3703802233856718e-103,3.3850000000000002,3.3850000000000002,3.3850000000000002,3.3850000000000002,6.982676366840513e-104,2.2398076860547002e-104,3.3850000000000002,1.0036263017544898e-103,5.596560955863693e-104,3.5288700605348777e-104,1.10339230382665e-106,1.484466494770359e-10,6.769911262474044e-104,9.222194908187922e-104,3.3850000000000002,3.3850000000000002,8.113997289220282e-104,3.3850000000000002,7.823898215561087e-104,3.3850000000000002,2.32291877442191e-105,9.860684596718552e-104,6.514300417904879e-104,2.811840578229235e-36,3.594498389266138e-104,1.3626873986274996e-103,2.9680166979617663e-103,1.2379043409833207e-103,2.2792426585240606e-104,2.1694470754403776e-103,1.3497763969187046e-103,5.1552785395342294e-104,1.162167508438682e-103,4.0092987534940876e-104
1.6253447432896875e-103,8.443152744537863e-104,3.48,3.48,3.48,3.48,3.48,3.48,3.48,3.48,3.48,3.48,3.48,3.48,3.48,3.48,3.48,3.48,3.48,3.48,1.2830660392933047e-104,3.48,9.918244840856088e-104,3.48,5.718447545687844e-105,1.3681972122682878e-103,1.2821729363949292e-103,5.941251195738793e-104,3.48,3.48,2.222425575661878e-104,1.0852840256078707e-104,3.48,1.7659132586473372e-103,3.48,3.48,3.48,6.374477422596446e-104,6.657174086863699e-104,3.7042985268415815e-104,3.1166381515356855e-104,5.3411893650026085e-104,1.7504067905459263e-104,2.479425684952426e-104,6.794172416017494e-104,1.299913151583029e-103,7.787694336746617e-104,8.467773242473234e-104,3.3047864761553454e-104,3.48
7.914901196533228e-105,1.9147160915959937e-104,8.107905268835518e-104,3.575,3.575,3.575,3.575,3.575,3.575,3.575,3.575,2.925732093959032e-104,6.948569735056657e-104,1.6313237071833209e-103,3.575,3.575,3.575,3.575,3.575,6.805949077053444e-104,2.4901140178468087e-104,3.575,7.733216822813223e-104,1.1339666844685326e-103,3.575,3.575,1.5130579434760737e-105,3.575,3.575,3.575,4.225871122379217e-104,3.575,6.014389889366114e-104,3.575,1.37831557095463e-103,3.575,3.575,3.575,1.1016670915521582e-103,2.1266282654952054e-104,1.4240744212777234e-103,1.0651883326844436e-103,1.9721489734977185e-104,1.2822710801677746e-103,4.1192328911132824e-104,3.575,1.5903924434028994e-103,8.872330566323604e-104,1.261216590561225e-103,2.0032880678559806e-103
4.850594174045868e-104,8.16211273722307e-104,8.139965566031452e-104,3.67,3.67,3.67,3.67,3.67,3.67,3.67,1.06597404870574e-103,3.67,3.67,3.67,3.67,5.996365959588641e-104,3.67,3.67,3.67,3.67,3.67,8.192241168239791e-104,2.1287686099181736e-104,3.67,3.67,1.6257695799247688e-103,3.67,3.67,4.25884400340649e-104,8.507509404764676e-104,3.67,3.67,3.67,3.67,1.0029361782837271e-103,3.67,7.241660707641082e-104,3.67,7.31074946739068e-104,5.984939200392338e-104,2.4008280357423434e-113,1.3418542757370608e-104,8.658692193890815e-104,8.220717860005236e-104,1.802063161593341e-103,5.682098859155244e-105,5.03087784764418e-105,3.67,6.339723943237361e-104,1.7261432646763656e-103
1.1547278439042616e-103,1.9902666606666643e-57,3.765,3.765,3.765,3.765,3.765,3.765,3.765,3.765,3.765,3.765,3.765,3.765,3.765,3.765,3.765,1.0828123582315339e-103,9.797144024383548e-104,7.008545628097143e-104,7.273243623925164e-104,1.3907230612142064e-103,3.765,3.765,3.765,3.765,3.765,1.6761552871273311e-103,3.765,3.765,3.765,3.765,2.0579897374994092e-104,1.29469729359966e-103,1.5063228971208382e-103,1.1128920597712875e-103,7.702214937323964e-104,5.747209948511558e-104,1.0543779682956617e-103,1.2257071144006659e-104,1.9986714611479566e-104,2.3553781418573552e-104,1.454128720151278e-104,6.865849964202306e-104,2.9333009612650795e-104,1.5899406478805025e-104,1.6433231906615316e-104,3.700398270431043e-104,4.4586422008436016e-103,1.5519466600653568e-103
3.86,3.86,3.86,3.86,3.86,3.86,3.86,3.86,3.86,3.86,3.86,3.86,3.86,3.86,3.86,3.86,3.86,3.86,1.0392252621036922e-103,3.86,5.3911566313417084e-104,3.86,3.86,3.86,3.86,3.86,8.671926190645795e-104,3.86,3.86,2.2000717684878518e-104,3.86,3.86,3.86,3.86,3.86,1.1857964802131775e-103,2.6935220733954075e-103,3.86,3.86,1.3452445152579842e-103,3.752480004601283e-104,1.0678698097857993e-104,9.759575601926618e-104,2.905758242504859e-104,1.095460496621686e-103,8.022364915486242e-104,5.240919498885289e-106,1.574838647435905e-31,1.972775605880352e-104,6.32346871563883e-104
5.5051725129878386e-104,3.955,3.955,3.955,3.955,3.955,3.955,3.955,3.955,3.955,3.955,3.955,3.955,3.955,3.955,3.955,3.955,3.955,3.955,3.955,3.955,3.955,3.955,3.955,3.955,6.334361151728416e-105,3.955,3.955,3.955,3.955,3.955,3.955,3.955,3.955,3.955,9.016263687079267e-104,3.955,3.955,3.955,3.955,6.804174568913129e-104,1.2139697772873457e-104,1.4927328588637374e-103,3.6861564749192136e-104,5.617954270428938e-104,7.072899223130045e-104,1.0125656541049922e-103,3.18579501011574e-104,4.113025419267357e-104,6.0500788575222665e-105
4.05,4.05,4.05,4.05,4.05,4.05,4.05,4.05,4.05,4.05,4.05,1.1048709462329365e-103,4.05,4.05,4.05,4.05,1.553348475993683e-103,1.2345698565582584e-103,4.05,6.631922335165918e-104,4.05,4.05,4.05,4.05,8.774719643067733e-104,4.05,4.05,4.05,4.05,9.235493712177945e-104,4.05,4.05,4.05,4.05,4.05,4.05,2.008251272415467e-103,4.05,1.0473250022896493e-103,2.7858418041181838e-104,7.708727535640609e-104,6.937462552555039e-104,1.6055314312554803e-103,5.3725948750079426e-104,2.1382714251422677e-103,1.8219538488228924e-103,4.3923811243638544e-104,7.50531567421662e-105,7.920838616996102e-104,1.461218961181977e-103
4.145,4.145,4.145,4.145,4.145,4.145,4.145,4.145,4.145,4.145,1.4384654688889286e-103,4.145,4.145,4.145,4.145,4.145,4.145,4.145,4.145,4.145,4.145,2.296710046525342e-103,4.145,7.514987452226247e-104,1.5567588983682802e-103,4.145,4.145,4.145,4.145,4.145,4.145,4.145,4.145,4.145,4.145,4.145,4.145,1.032011105576199e-103,1.0982732523400239e-104,6.967870238549657e-104,4.145,2.1021587582861617e-103,9.741492250963479e-104,8.878243640382872e-105,2.048716729381597e-103,6.135430477140886e-104,4.292163878197085e-104,6.266311172900507e-104,2.563955994045711e-104,7.990742016655844e-104
4.24,4.24,4.24,4.24,4.24,6.709834823667076e-105,4.24,4.24,4.24,4.24,4.24,4.24,4.24,4.24,4.24,4.24,4.24,4.24,4.24,4.24,4.24,4.24,4.24,4.24,4.24,4.24,1.6002523228265016e-103,6.86969278892269e-104,1.209096519244498e-103,4.24,4.24,1.7916542177693853e-103,5.1280694801778133e-104,4.24,4.24,4.24,4.24,4.24,4.24,4.24,3.0880394657797933e-103,4.24,1.0566030319803688e-103,8.86603963853918e-104,1.3140264295739087e-104,5.465286270600037e-104,1.2266004846473187e-104,1.5079051777395955e-103,1.0298891098308723e-103,7.276496638943102e-105
4.335,9.812543997472103e-104,4.335,4.335,4.335,4.335,4.335,4.335,4.335,4.335,4.335,4.335,4.335,4.335,4.335,4.335,4.335,4.335,4.335,6.717741628184424e-104,4.335,4.335,4.335,4.335,4.335,4.335,4.335,4.335,8.54242224289261e-104,4.335,4.335,4.335,4.335,4.335,4.335,4.335,4.335,4.335,4.335,4.971877366758045e-104,5.0127906049256774e-104,9.8624899307368e-104,1.6469030497673312e-103,1.1231568676356073e-103,2.9555408413357845e-103,5.5294190193048004e-104,4.335,1.0532528334108942e-103,5.97436998664839e-104,9.399978418937169e-104
4.43,4.43,4.43,4.43,4.43,4.43,4.43,4.43,4.43,4.43,4.43,4.43,4.43,4.43,4.43,4.43,4.43,4.43,4.43,4.43,4.43,4.43,4.43,4.43,4.43,1.5014707189485848e-103,2.6618587192909334e-106,1.9059135692707383e-103,4.43,4.43,4.43,4.43,4.43,4.43,4.43,2.8116906753828167e-104,1.0112557308811266e-104,4.43,3.091037748545115e-67,4.43,4.43,4.43,1.9359459244335412e-103,4.43,2.580351783768605e-104,4.057646947850445e-105,4.43,4.43,4.43,4.43
4.525,4.525,4.525,4.525,4.525,4.525,4.525,4.525,4.525,4.525,4.525,4.525,4.525,4.525,4.525,4.525,4.525,4.525,4.525,4.525,4.525,4.525,4.525,4.525,4.525,4.525,4.525,4.525,4.525,4.525,2.2057459853834806e-104,2.0440396773558027e-103,1.0543710610968885e-103,4.525,4.525,4.525,4.525,4.525,3.5709662445935263e-104,1.0234801584217666e-103,4.525,4.428325737541776e-104,4.525,4.525,4.525,4.525,4.525,4.525,4.525,4.525
4.62,4.62,4.62,4.62,4.62,4.62,4.62,4.62,4.62,4.62,4.62,4.62,4.62,4.62,4.62,4.62,4.62,4.62,4.62,4.62,1.6918257762205555e-103,4.62,4.62,4.62,4.62,4.62,4.62,4.62,4.62,8.162593453476173e-104,4.62,4.62,9.879157932674492e-104,8.467780432771754e-104,4.62,4.62,4.62,4.62,4.62,4.62,7.40570373697053e-104,4.62,1.6499087002359618e-103,4.62,1.1326639980681591e-103,4.62,4.62,1.558595996804568e-103,4.62,4.62
4.715,4.715,4.715,4.715,4.715,4.715,4.715,4.715,8.379043746139822e-66,4.715,4.715,4.715,4.715,4.715,4.715,4.715,4.715,4.715,4.715,4.715,3.2144711882555763e-105,4.715,4.715,1.2186371505519487e-103,4.715,4.715,4.715,4.715,2.3408727179754596e-104,2.6948321746222222e-104,1.0168500403015415e-103,4.715,1.478089350912399e-103,1.7796966951210474e-103,4.715,4.715,4.715,4.715,4.715,4.715,4.715,4.715,4.715,4.715,4.715,4.715,8.447381304983273e-105,2.810362513603385e-103,4.715,1.6695223746129696e-103
4.8100000000000005,4.8100000000000005,4.8100000000000005,4.8100000000000005,4.8100000000000005,4.8100000000000005,4.8100000000000005,4.8100000000000005,4.8100000000000005,4.8100000000000005,4.8100000000000005,4.8100000000000005,4.8100000000000005,4.8100000000000005,4.8100000000000005,4.8100000000000005,4.8100000000000005,4.280614845296636e-104,9.780580096540282e-104,4.185380248385485e-104,4.8100000000000005,4.8100000000000005,4.8100000000000005,4.8100000000000005,4.8100000000000005,4.8100000000000005,4.8100000000000005,4.8100000000000005,4.8100000000000005,4.8100000000000005,4.8100000000000005,4.8100000000000005,8.158517594441321e-107,4.8100000000000005,4.8100000000000005,4.8100000000000005,4.8100000000000005,4.8100000000000005,4.8100000000000005,4.8100000000000005,1.430546081800909e-103,4.8100000000000005,8.792794004383286e-104,4.330401158774578e-104,7.900102146002062e-104,2.0189782031100142e-104,4.0055327386407255e-104,4.8100000000000005,1.6584373683926132e-103,1.697012380683135e-103
4.905,4.905,4.905,4.905,4.905,4.905,4.905,4.905,4.905,4.905,4.905,4.905,4.905,4.905,4.905,4.905,4.905,1.5917794494051868e-103,1.2849609257254405e-106,4.905,4.905,4.905,4.905,4.905,4.905,4.905,8.671320129400818e-104,4.905,4.905,9.549548414999875e-104,4.905,4.905,4.905,4.905,4.905,4.905,4.905,4.905,1.5556745425705409e-60,1.4684215299684482e-103,1.4769779597663995e-103,3.5953654105448834e-103,1.1272773336648283e-103,1.5673203476102262e-103,4.905,4.905,1.7135182949849922e-103,4.905,1.4594177157543521e-103,3.306927503024489e-104
5.0,5.0,5.0,5.0,5.0,5.0,5.0,5.0,5.0,5.0,5.0,5.0,5.0,5.0,5.0,5.0,4.643987643193524e-104,5.0,1.9720935176798447e-104,5.0,5.0,5.0,5.0,5.0,5.0,5.0,5.0,5.0,5.0,5.0,5.0,5.0,1.9801244667172528e-103,5.0,5.0,1.0637492864788755e-103,5.871240706859287e-104,5.0,5.214550701545798e-105,5.0,5.0,9.619652514731678e-107,5.0,5.0,5.0,5.0,5.0,7.143855470281913e-104,5.0,2.875326689484629e-107
